patient_id,ho_ten,cccd,ngay_sinh,so_dien_thoai,email,dia_chi,benh,ket_qua_xet_nghiem,bac_si_phu_trach,ngay_kham
bdd640fb-0667-4ad1-9c80-317fa3b1799d,Quang Phạm,196667412275,08/05/1954,0836298090,maijohn@example.net,"338 John Số
Thị xã JaneThành phố, 895667",Tim mạch,4.74,Quý cô Thành Vũ,31/01/2026
562b0f79-c374-49ee-b50b-ea63371ecd7b,Hà Bùi,803710629806,09/07/1948,0728040912,jane94@example.org,"18 Hoàng Tổ
Thành phố JohnPhường, 338968",Tim mạch,7.82,Vũ Phạm,20/01/2026
a2bc372f-7412-4293-8729-4739614ff3d7,Phúc Phú Đặng,152318830815,15/11/1963,0861045646,john92@example.net,"64 Jane Đường
Thành phố JaneThị xã, 380746",Khỏe mạnh,4.76,Lâm Hoàng,03/03/2026
654821d0-7fcd-4eb1-a7ca-d415366eb16f,Anh Anh Lê,472733761251,03/12/1968,0902141224,jane96@example.com,"7 John Ngõ
Quận JaneXã, 166613",Huyết áp cao,5.54,Kim Mai Mai,18/02/2026
f143262f-dc5c-4eed-8da0-365bf89897b9,Dương Trần,700903446829,03/09/1971,0717304136,john46@example.org,"2 Jane Làng
Huyện JohnXã, 916449",Huyết áp cao,7.63,Duyên Đặng,05/04/2026
5cec4eb5-edd9-4831-9ca3-5cfb04fc6d82,Quang Nguyễn,517385986853,21/02/1968,0964006690,tranjane@example.org,"Quận JaneXã
89 Phạm Làng, 847581",Huyết áp cao,11.21,Thành Đặng,27/03/2026
1efa2197-7394-488f-847f-d9b4e64d1bcb,Chị Hương Đặng,633759940808,22/03/1938,0896314559,johnnguyen@example.org,"105 John Khu
JohnXã, 238739",Tiểu đường,8.8,Anh Châu Bùi,06/02/2026
6e595ed3-a8b3-47fa-98d0-752b1825bc54,Huy Bảo Dương,461044340471,24/09/1942,0941405194,nguyenjane@example.net,"338 Lê Số
Huyện JaneQuận, 179046",Huyết áp cao,10.36,Ông Hưng Mai,03/01/2026
c0e9ab30-ed26-42e9-97e0-11b7f8102383,Chị Hồng Dương,488309264525,14/11/2000,0543696147,janenguyen@example.org,"74 Mai Dãy
Quận JaneQuận, 161324",Tim mạch,7.19,Yến Đặng,12/01/2026
80bacd64-7a0e-4fea-958c-a9ba0cd620c2,Cô Phương Trần,884204040151,25/08/1960,0803885868,hoangjohn@example.net,"939 John Số
JaneQuận, 802258",Huyết áp cao,8.88,Quang Đức Bùi,26/01/2026
750cab75-4ccc-4bc2-a53f-8a28abf3e3fc,Vũ Văn Dương,493335826555,19/12/1948,0959257530,maijohn@example.net,"354 Jane Khu
Huyện JohnQuận, 377312",Tiểu đường,6.38,Hà Mai,31/01/2026
35ebd32d-9ad6-40ab-8821-2ddb45b89cd9,Trung Đức Mai,948738381154,06/11/2001,0578448056,john16@example.com,"427 Mai Đường
Thành phố JohnXã, 137778",Tim mạch,6.84,Nhiên Trí Bùi,25/01/2026
e623a689-5d59-4d2a-8eea-04e70ab54bde,Xuân Đặng,557549563399,13/12/1963,0914028314,johndang@example.net,"2 John Hẻm
JohnQuận, 872343",Tim mạch,6.21,Huy Hải Vũ,31/01/2026
61ee411a-1bac-47a7-b386-f7a4c991603f,Ánh Dương,263850798119,19/08/1965,0330372119,janedang@example.com,"036 Vũ Ngõ
JanePhường, 634150",Huyết áp cao,8.9,Hải Tấn Nguyễn,23/01/2026
2db69edb-42de-4fcc-b86c-2ca2e08596db,Hưng Trần,359371771675,03/07/1994,0352649695,jane69@example.net,"06 John Tổ
JohnPhường, 446239",Tim mạch,4.47,Tú Thế Mai,02/03/2026
6703b636-5380-4904-a88c-7015aab97e49,Tùng Lê,333289973940,20/06/1961,0355432965,rbui@example.net,"80 Vũ Làng
JaneThị xã, 563246",Huyết áp cao,11.32,Anh Minh Dương,02/02/2026
83f4a9a9-48a6-49d0-95b5-2908a8aa7158,Vũ Hải Vũ,039376669296,06/12/1965,0578959378,johnnguyen@example.org,"1 Bùi Làng
JaneThị xã, 355836",Khỏe mạnh,6.9,Cô Hà Bùi,12/02/2026
b227462c-f53d-4330-8dda-24ba2d06e8cf,Ông Tùng Phạm,734129620201,16/11/1951,0537287537,zle@example.com,"98 Mai Dãy
Thị xã JaneHuyện, 888295",Huyết áp cao,9.35,Bà Vi Mai,05/04/2026
709b7d97-464c-44af-bd3f-3799a07295e9,Nhật Vũ,559840786834,10/04/1967,0893437042,jane58@example.org,"23 Jane Số
JaneThị xã, 165290",Tiểu đường,7.19,Quý cô Hồng Hoàng,04/01/2026
9360715f-c3fe-4183-a172-b725db52ca58,Nhật Văn Đặng,835677328364,01/01/1976,0337863723,ibui@example.net,"34 Dương Đường
JanePhường, 812131",Tim mạch,11.54,Nhật Xuân Dương,25/01/2026
06e745f9-88bc-439c-9f4c-3b79fb10987f,Khoa Văn Trần,948272689616,10/09/1993,0324206073,janele@example.org,"755 Vũ Số
JohnThị xã, 120324",Tiểu đường,11.32,Linh Phạm,07/05/2026
a6d964a3-f510-4b53-87fe-e39f1190f938,Vi Nguyễn,215115372719,05/01/1969,0577314932,johnhoang@example.org,"1 Jane Khu
JohnXã, 736745",Huyết áp cao,4.11,Bảo Vũ,21/01/2026
4fdc6e1b-edcb-4cb6-8692-dc639424aed5,Kim Hoàng Trần,780036456019,30/05/1968,0358101502,vujohn@example.net,"6 Trần Tổ
Thị xã JaneThành phố, 554582",Tiểu đường,7.18,Bảo Trí Bùi,04/02/2026
a6846099-f729-4951-8591-31d2bbda0242,Trọng Mai,266700457193,28/02/2001,0994093915,ubui@example.net,"473 Hoàng Số
JohnThị xã, 992288",Tiểu đường,7.11,Phúc Mai Bảo Phạm,10/03/2026
4797b2c9-5720-4246-8223-623bcc3ebdde,Tùng Nguyễn,560539494649,02/09/2005,0959469755,johnpham@example.net,"7 Dương Đường
Huyện JohnThị xã, 825391",Khỏe mạnh,9.27,Bà Dương Hoàng,13/03/2026
58007c02-87ea-4ff5-8db0-674679279973,Nhật Tấn Đặng,625945362766,10/02/1997,0971166813,jane43@example.org,"823 Jane Khu
JohnQuận, 410636",Tiểu đường,5.95,Bà Lan Vũ,03/01/2026
4639447b-2067-4dac-88bd-13d1b540b30e,Ngọc Mai,062756128960,13/02/1975,0532488756,janetran@example.org,"75 John Khu
JohnThành phố, 520172",Tim mạch,4.63,Ông Nhiên Nguyễn,30/01/2026
f2f9e5fa-9016-4161-8fa7-01cd2631d00b,Vũ Phạm,436328362966,25/06/1951,0961256455,mhoang@example.net,"74 Vũ Đường
Quận JohnHuyện, 792509",Huyết áp cao,7.66,Bảo Phạm,03/02/2026
00af5b3a-2812-459a-9337-739e8d4f5d27,Nhật Mai Bảo Vũ,898546468539,20/10/1939,0309071850,janevu@example.net,"3 Hoàng Làng
JohnXã, 335729",Tim mạch,4.4,Bà Bảo Trần,12/01/2026
9854ce4e-4ebf-45c3-8ae9-b4a72a79ea68,Bảo Trần,139697473377,24/02/1999,0921012855,jane48@example.net,"0 Đặng Khu
Thành phố JohnPhường, 976566",Tiểu đường,10.2,Vi Vũ,22/04/2026
2cd94cbb-c19a-458c-835b-1c8c0a4c9f7f,Quý ông Anh Lê,533969019418,06/09/1994,0514432020,etran@example.com,"1 Jane Số
JanePhường, 519904",Tiểu đường,9.66,Chi Trần,03/03/2026
f85e06a1-1dad-49b2-92c2-1221409d3602,Phương Văn Mai,529549558584,26/03/1998,0811323929,mnguyen@example.net,"7 John Khu
Huyện JanePhường, 608257",Khỏe mạnh,10.89,An Hoàng,16/02/2026
8d03c91e-4f8d-4238-a88b-78b5b5b453ca,Vân Bùi,240935176639,17/01/1948,0349031245,johnduong@example.org,"48 Bùi Dãy
JohnThị xã, 678043",Tiểu đường,9.55,Quý cô Lâm Hoàng,09/04/2026
dd30de89-22f2-45f2-a11b-868dbf0d073d,Hạnh Bùi,671717918595,13/08/1981,0862218941,john44@example.net,"787 Đặng Số
JaneQuận, 831380",Tim mạch,5.55,Quý cô Mai Bùi,09/01/2026
b489d070-7914-48a8-bea4-ff31517400f8,Kim Trí Dương,386487409211,25/05/1940,0721908931,janetran@example.com,"262 Jane Khu
JanePhường, 184216",Tiểu đường,7.25,Tùng Hữu Đặng,02/05/2026
7cea2045-c268-483e-a32f-2e63b7fddd71,Duyên Trần,770592247248,24/04/1967,0909446880,john16@example.org,"24 John Tổ
Huyện JaneHuyện, 551607",Tim mạch,10.77,Chị Phương Bùi,20/04/2026
2b840c67-2e18-4554-8ae2-8e66ae8a7813,Cô Khoa Bùi,518809828650,19/02/1968,0313414779,jhoang@example.org,"40 Vũ Hẻm
Thị xã JaneXã, 413685",Khỏe mạnh,11.34,Nhật Đức Dương,28/02/2026
da743152-627b-41a1-bfd6-f23232ffe294,Ông Quang Bùi,901989588635,18/03/1984,0916713843,jane06@example.com,"7 Phạm Tổ
Quận JanePhường, 892280",Tim mạch,5.32,Cô Hải Nguyễn,01/03/2026
945ef2e4-088a-43ec-b0d9-c9f8c9e26074,Hoàng Quang Vũ,588870319378,29/10/1979,0581891683,mle@example.org,"8 Lê Khu
JanePhường, 455168",Tiểu đường,4.48,Nhật Trần,28/01/2026
dc322c97-39c1-4262-b76c-8edec1101266,Phương Phú Trần,502772793634,22/01/1989,0889532120,vujohn@example.com,"6 Trần Làng
JohnXã, 688678",Khỏe mạnh,11.24,Trọng Hải Trần,04/05/2026
b379cb1e-e8cd-40cc-b6da-3ca0d2e82f38,Huy Trần,575234763689,20/05/1954,0945138691,nguyenjane@example.com,"2 Dương Tổ
JohnThị xã, 786735",Tiểu đường,10.53,Nhật Hoàng,21/03/2026
08601833-479d-4cda-b396-ea37f065c817,Trung Mai Dương,817598207459,30/06/1967,0926130152,john58@example.net,"31 Trần Làng
Thành phố JaneQuận, 232040",Khỏe mạnh,7.88,Cô Ánh Mai,10/02/2026
dea45c19-d024-4d72-b748-967f961d33ba,Bà Vi Lê,445742582997,29/09/1935,0942260631,john28@example.com,"0 John Tổ
Huyện JohnQuận, 378258",Tiểu đường,8.92,Lan Bùi,13/04/2026
79eb4168-1045-46e5-bee3-eb791d181ee9,Bác Minh Hoàng,545139497104,15/03/1950,0722523780,omai@example.net,"00 Bùi Số
Thị xã JaneThành phố, 184714",Tim mạch,8.53,Trọng Trí Trần,25/01/2026
95da75c1-a211-40f9-9fd3-4579466772ce,Thành Thế Dương,354953628676,01/03/2004,0716142918,ytran@example.net,"73 Đặng Dãy
JanePhường, 199704",Huyết áp cao,5.89,Huy Tấn Vũ,14/03/2026
ec48bf55-afd3-40c4-a713-582cf41ea3ac,Ông Vũ Trần,988952385839,18/01/1948,0374847759,vtran@example.net,"0 Trần Số
JanePhường, 153945",Khỏe mạnh,9.08,Trọng Vũ,10/03/2026
36760ce5-81e5-49f6-93f2-77cc1a85910d,Quý cô Lâm Trần,396329000386,04/01/1983,0716560571,john49@example.org,"4 John Khu
JaneHuyện, 106402",Huyết áp cao,6.81,Chị Khoa Bùi,14/01/2026
f8c88fae-a217-4f84-bdb0-25ff2451e5a4,Hương Mai,830451157537,21/08/1964,0793776035,dbui@example.com,"5 John Hẻm
Thành phố JohnHuyện, 564637",Huyết áp cao,5.5,Nhật Mai Bùi,23/02/2026
1d2324e6-8329-40b7-8143-f426372f871a,Huy Đức Vũ,866520938541,03/08/2001,0531138006,john36@example.net,"32 Vũ Tổ
Thành phố JanePhường, 551574",Tim mạch,4.84,Chị Kim Mai,14/02/2026
ab05347f-d556-437d-8f08-81ee8011316b,Vũ Hữu Nguyễn,841053394283,23/09/1994,0361807636,duongjohn@example.com,"6 Trần Số
Huyện JohnXã, 582446",Tiểu đường,3.62,Vũ Bảo Trần,17/02/2026
862268d1-6683-4107-96c0-44d06f887f28,Kim Vũ,446845464212,26/07/1981,0529709063,janele@example.org,"8 Jane Tổ
Quận JohnQuận, 368402",Huyết áp cao,7.68,Chị Duyên Lê,08/05/2026
c5d95f51-f387-41bd-ad59-72c6134a5a2f,Quý ông Nhiên Hoàng,455592307379,15/06/1996,0947040234,jane27@example.org,"90 Mai Ngõ
JaneThị xã, 139434",Tim mạch,5.21,Linh Vũ,15/01/2026
daf481a7-fa34-42e8-9d3f-7d7ea508dc95,Khoa Hoàng,515028567615,15/05/2004,0957574002,lduong@example.net,"93 Hoàng Dãy
Thành phố JaneThành phố, 950360",Tim mạch,5.2,Vũ Xuân Nguyễn,18/02/2026
707df251-fdb1-429e-b010-ed13b526b22d,Bà Thành Vũ,639872275179,01/02/1988,0708709999,rdang@example.net,"518 Vũ Khu
Huyện JohnXã, 795847",Huyết áp cao,10.91,Bà Hạnh Bùi,26/01/2026
15b02530-f020-4992-b576-255e98549f22,Tùng Bùi,048369002516,24/01/1980,0991295431,johnbui@example.net,"23 Dương Làng
Quận JohnThành phố, 410160",Tim mạch,11.01,Phương Mai,13/04/2026
e05b46c5-5636-4094-a974-31db09a9d1c1,Quý cô Bảo Lê,640396511074,21/12/1959,0501978852,janenguyen@example.com,"94 Phạm Làng
JaneQuận, 485709",Tiểu đường,5.9,Quý ông Khoa Bùi,08/04/2026
297ca4ff-f75d-499f-ab2d-5b0987079ad4,Chị Ánh Vũ,876579408120,17/06/1942,0787573335,jdang@example.org,"12 Dương Hẻm
JohnQuận, 956375",Huyết áp cao,11.59,Bác Nam Bùi,11/01/2026
3c5bf3a7-5fbb-40b1-8083-89c8657e01c9,Hà Phú Phạm,905531229654,13/03/1939,0731345871,john52@example.org,"2 Dương Đường
Thành phố JaneQuận, 975522",Tim mạch,11.63,Quý cô Hà Vũ,16/02/2026
3d0a5f0c-0c39-4ec7-9f31-74054d183eba,Hải Mai Trần,938239755890,12/06/1950,0947695945,ihoang@example.org,"2 Bùi Đường
JohnXã, 536802",Tim mạch,7.92,Cô Phương Đặng,14/01/2026
81e03a5e-8b48-4496-86ab-d4e7f4124360,Hồng Dương,258652860652,14/04/1941,0854109257,qdang@example.net,"31 Lê Đường
JanePhường, 283594",Huyết áp cao,7.28,Quý ông Phúc Lê,13/01/2026
752a7d25-f190-4b7e-86b4-69efb74eba93,Thảo Phạm,218028175832,27/04/1941,0852107630,johndang@example.com,"03 Đặng Đường
JaneThành phố, 938171",Tim mạch,3.91,Huy Hữu Dương,17/03/2026
7f072cb9-2fd3-40c0-b945-f2fd56cb1ab0,Bác Minh Vũ,264892727379,08/08/1946,0702578278,btran@example.net,"Huyện JaneThành phố
44 Hoàng Số, 274739",Tim mạch,8.37,Bác Bảo Nguyễn,10/03/2026
46494296-6f58-42c3-bf86-cc319d66e815,Hương Bùi,769476853552,21/10/1984,0869757224,johnle@example.net,"213 Đặng Số
Quận JaneHuyện, 490084",Tiểu đường,11.77,Ông Nhiên Lê,13/04/2026
a6499cdc-507b-4072-a5e5-8f345df06e8c,Quang Trần,432960403453,20/11/1938,0937726813,janemai@example.com,"47 Jane Dãy
Thành phố JohnThành phố, 574001",Huyết áp cao,6.92,Quý cô Hà Đặng,10/05/2026
8ccc9cea-109f-48ee-b5a4-720058f0dd23,Khoa Lê,824846615188,20/01/1959,0869887224,john13@example.org,"589 Dương Hẻm
Thành phố JaneThị xã, 851759",Khỏe mạnh,5.86,Quý ông Huy Hoàng,15/01/2026
a4704d48-5128-49b1-b8ed-e0ca20156a72,Nhật Dương,720462439307,09/10/2005,0845554775,john89@example.org,"80 John Khu
Quận JanePhường, 336422",Khỏe mạnh,6.65,Minh Thế Trần,18/02/2026
8d03f17a-f4d3-45c1-a293-19fa3240d7a1,Hoàng Vũ,915834250300,19/12/2007,0558741638,maijohn@example.net,"995 John Ngõ
Huyện JohnXã, 536822",Tiểu đường,7.78,Chi Mai,26/02/2026
7ba24588-4d56-4a3d-b4e7-069aa4540937,Quý cô Thảo Dương,032074008862,16/04/1945,0790900087,lejane@example.com,"92 Đặng Tổ
JohnHuyện, 639995",Tim mạch,10.87,Thành Phạm,01/04/2026
3f779cae-7318-496d-8479-06121f5d988f,Cô An Vũ,699726938099,23/08/1987,0773376275,kpham@example.com,"278 Dương Khu
JohnThành phố, 512344",Tiểu đường,9.01,Anh Trung Hoàng,10/03/2026
7eb162f1-4806-4804-8cf0-374c0c74dc0f,Bác Tùng Nguyễn,222978961697,27/12/1949,0872710277,qle@example.net,"06 John Tổ
JohnThị xã, 628750",Tim mạch,9.41,Bác Trọng Hoàng,24/01/2026
64d6dfbf-18c0-4e2b-b99f-070420f0156a,Dũng Phú Lê,345942548019,14/06/1962,0725525774,cmai@example.org,"87 John Tổ
JohnThị xã, 746447",Huyết áp cao,4.08,Nhiên Đặng,09/04/2026
7d66971e-8847-4c56-827c-9f8cd40ac5e9,Châu Nguyễn,297538397538,29/06/1985,0858969833,john69@example.com,"7 Hoàng Làng
Thị xã JohnXã, 759580",Khỏe mạnh,7.77,Bảo Hải Nguyễn,22/04/2026
30d73df7-1c22-4cea-b355-56a5f2bd92f2,Chi Đặng,753762014769,09/05/1992,0745770968,janepham@example.com,"0 John Tổ
JaneHuyện, 281594",Tim mạch,8.02,Bác Tùng Đặng,05/05/2026
9c2dfa97-43ad-4d62-b17c-fb21cdbc2c1c,Anh Quang Vũ,440323362455,26/12/1975,0595304991,janevu@example.net,"75 Vũ Ngõ
JaneHuyện, 910616",Huyết áp cao,9.91,Bà An Vũ,16/01/2026
a7edc8d8-713f-4f8c-ac8b-e53758ab4778,Châu Phạm,279682301570,10/11/1962,0736876596,jane21@example.net,"083 John Ngõ
JanePhường, 595351",Khỏe mạnh,9.56,Hải Lê,02/01/2026
edd97a1a-fa58-4b27-8ce3-e7c3f6eab3a0,Quý cô Hải Dương,781119843946,04/05/2000,0806074732,janedang@example.com,"9 John Hẻm
JohnThành phố, 976822",Huyết áp cao,4.43,Nhật Xuân Vũ,08/01/2026
9a4ffc0c-9165-42ed-8c63-6e95025f5543,Thành Vũ,714553147023,12/03/1997,0343255057,gle@example.com,"27 Lê Đường
JaneXã, 807160",Tiểu đường,11.75,Chị Duyên Bùi,25/03/2026
669d01ff-1634-425b-93f3-007383e96ef4,Bảo Lê,624625800557,04/05/2000,0515604508,john04@example.com,"49 Jane Tổ
Thành phố JohnThị xã, 421709",Tiểu đường,9.91,Quý cô Hải Mai,02/03/2026
ea87855e-a382-45d3-9e0e-f546b0b6dedf,Quang Hoàng,730169039610,01/06/1965,0711911323,johnduong@example.org,"87 John Ngõ
JaneThành phố, 691573",Huyết áp cao,11.16,An Mai,09/04/2026
265cb9d9-8962-4f6e-929c-93b333c08bf1,Bà Phương Dương,128272941337,07/03/1951,0776163779,janetran@example.net,"28 Dương Đường
JanePhường, 122827",Tim mạch,9.11,Hạnh Văn Phạm,23/04/2026
58330b30-6c77-4e95-8b98-1ccd12b2102d,Phương Nguyễn,281384673297,01/10/1944,0895090193,snguyen@example.com,"6 Bùi Dãy
JaneThành phố, 815894",Tim mạch,6.37,Bà Hà Lê,15/04/2026
ba54e920-2099-4180-8762-3997649f7d88,Cô Vi Nguyễn,990106803563,19/12/1975,0962079489,bmai@example.net,"752 Phạm Ngõ
Thị xã JohnQuận, 316092",Tim mạch,9.24,Hà Hoàng,07/01/2026
b40a9181-ac09-4db7-9908-6e477249f62c,Mai Nguyễn,681414145216,08/02/1990,0826589639,ipham@example.org,"843 Hoàng Tổ
Huyện JohnPhường, 646571",Huyết áp cao,10.46,Quý cô Thảo Vũ,12/01/2026
e134edfc-9777-4f10-b2d2-393f8e85140d,Quý cô Phương Dương,896486712395,27/09/1941,0841698624,jane85@example.net,"62 Phạm Làng
JohnThị xã, 160423",Huyết áp cao,6.13,Kim Trí Bùi,17/02/2026
a58e83dd-548c-4d84-b40d-e04941476506,Nhật Đặng,297121782777,11/12/1947,0838210953,johnvu@example.com,"398 Jane Làng
JaneThành phố, 322096",Khỏe mạnh,11.92,Cô Yến Dương,17/02/2026
345af934-b42a-4d93-9aba-0f15b2149062,Lâm Tấn Vũ,609050881330,02/03/1987,0913601225,pmai@example.com,"7 Trần Dãy
JohnHuyện, 428122",Khỏe mạnh,9.98,An Hải Lê,04/01/2026
95831d58-ef4c-4119-8da5-d39b42c21797,Hạnh Trí Phạm,306673471730,02/04/1980,0702547567,janehoang@example.org,"77 Lê Tổ
Quận JaneQuận, 668471",Huyết áp cao,3.67,Vân Nguyễn,15/01/2026
0c6b7074-ab10-4c9b-9168-2e09f1f7d904,Hồng Lê,336515654850,09/11/1966,0878911240,lejohn@example.org,"997 Nguyễn Đường
JohnThành phố, 655134",Khỏe mạnh,11.72,Tùng Vũ,04/01/2026
ac8d6c7d-b2a6-4468-902b-124380913ac1,Bảo Đức Trần,556324710191,23/09/2006,0372067114,johnpham@example.net,"61 Bùi Dãy
Quận JanePhường, 968286",Tiểu đường,3.67,Hải Nguyễn,19/01/2026
8d7dd772-608e-4f5c-a117-727067c0518b,Ông Nam Lê,936825025182,12/08/1946,0926903707,pbui@example.com,"0 John Dãy
JohnThành phố, 817675",Tiểu đường,9.07,Tùng Hoàng,08/05/2026
d9b59f84-edc3-41c3-adea-2d2d086c405f,Nam Hoàng Hoàng,377300679310,25/12/1954,0950189658,ttran@example.org,"8 Bùi Hẻm
Huyện JohnThành phố, 558320",Tim mạch,4.3,Cô Linh Hoàng,30/04/2026
f80b2cea-658e-44a2-9879-cf35f4719986,Nam Đức Dương,735626595835,17/02/2002,0510256126,janemai@example.com,"943 John Khu
Thị xã JohnPhường, 508548",Huyết áp cao,11.74,Quang Đức Trần,02/01/2026
5c238d8d-71da-45b9-8eea-9db8f165d779,Tú Lê,480296115565,29/03/1947,0809526220,janeduong@example.net,"015 Jane Số
Huyện JaneThị xã, 917018",Huyết áp cao,8.99,Nhật Mai,17/02/2026
af70de70-2b69-495e-8567-1b58926bffa5,Bảo Trí Vũ,485813417618,05/05/1976,0833900511,jane21@example.org,"71 Vũ Làng
JohnThị xã, 212168",Tim mạch,10.9,Bà An Bùi,06/03/2026
cdd7f460-6140-47d3-9ec4-ea48d773f98d,Bảo Tấn Bùi,366766584074,19/11/1953,0588310470,jane93@example.com,"47 Jane Số
JaneHuyện, 219420",Khỏe mạnh,7.07,Chị Dương Mai,06/01/2026
f166cdcf-762c-4fbc-ba2a-a7baf3f81c31,Quý cô Vi Vũ,767144688259,08/10/1944,0955530107,iduong@example.net,"2 Bùi Ngõ
JaneXã, 520274",Huyết áp cao,6.13,Phương Thị Đặng,15/04/2026
15c1604f-ea16-4354-a35f-c9c198049562,Lâm Đặng,556782920048,30/12/1957,0548979336,hoangjane@example.com,"JohnThành phố
38 Jane Tổ, 510133",Huyết áp cao,5.04,Anh Quang Nguyễn,04/04/2026
eba900e1-6a7d-4d96-8ba1-72331ac3bf31,Hà Lê,157162397765,07/10/1982,0957560511,jane73@example.net,"775 Jane Đường
Thành phố JanePhường, 214675",Tiểu đường,7.46,Chị Phương Lê,18/04/2026
6d268b37-8f52-42d3-94bb-bcf828fea761,Anh Thành Lê,549007164573,22/09/1960,0317751850,bbui@example.net,"96 Nguyễn Làng
Huyện JohnXã, 206694",Khỏe mạnh,10.31,Bà Thành Phạm,30/03/2026
dcd5bfae-abb3-46a7-8329-97801d2c2721,Bác Trọng Bùi,018002063648,13/10/1988,0772647352,dangjane@example.com,"9 John Tổ
Quận JaneThành phố, 291936",Huyết áp cao,10.35,Hoàng Hữu Bùi,26/04/2026
6c4c450b-623a-40fc-9326-7d25234b4562,Quý cô Hải Mai,871016844066,08/12/1958,0949621282,janevu@example.org,"0 Nguyễn Dãy
Quận JaneXã, 629990",Tim mạch,11.26,Quý ông Châu Bùi,28/03/2026
90bde900-1529-46f5-aad1-1fe87d1b695e,Vi Phạm,003004449215,10/02/1975,0988504601,vujohn@example.net,"7 John Khu
JohnPhường, 562806",Tiểu đường,5.13,Quý cô Hương Phạm,27/02/2026
7321a8b2-0840-405a-bfd2-f491dff389aa,Quang Trần,124703273982,12/02/1995,0544065660,phamjohn@example.net,"9 Lê Hẻm
Quận JohnXã, 467856",Khỏe mạnh,5.09,Trọng Mai,02/02/2026
4aea1b8f-b43c-4e0a-ba9f-c10e52daf681,Nhiên Vũ,962650139317,15/05/2005,0562008369,lejane@example.org,"Quận JohnQuận
672 Bùi Số, 573947",Tim mạch,8.17,Hải Trần,20/03/2026
b1d81887-4739-4c7b-bff3-0c8d83ff3e96,Bảo Mai Bảo Đặng,790655108803,11/09/1935,0580367560,duongjane@example.org,"637 Đặng Khu
JohnXã, 993829",Tiểu đường,3.62,Bác Hưng Nguyễn,20/01/2026
75a72686-d632-4d31-88ac-ffcfa04d4d14,Hương Lê,884336938767,02/06/1995,0349554693,bnguyen@example.org,"Huyện JohnHuyện
5 Trần Tổ, 796787",Tim mạch,10.27,Cô Kim Vũ,15/02/2026
b4258e19-1758-447e-a7cd-e1436de21429,An Phạm,810219953890,02/04/2000,0738235106,lejohn@example.net,"516 Jane Ngõ
Thị xã JohnPhường, 945106",Tim mạch,5.49,Hà Đặng,13/03/2026
61fa01ba-231a-47c7-8c9b-ff5ce1887eaf,Chị Hà Mai,585826248581,06/07/1936,0995933055,janedang@example.net,"97 John Ngõ
Thành phố JaneHuyện, 550246",Huyết áp cao,6.42,Hoàng Hải Vũ,06/05/2026
99db1302-8dab-46d3-bf87-dfc2159152f2,Nam Vũ,141902354367,27/04/1963,0848121005,janevu@example.net,"61 Jane Ngõ
Huyện JaneQuận, 505629",Tiểu đường,10.05,Thành Xuân Dương,15/01/2026
0387f74d-1149-4096-965d-744f0445c1a8,Trung Nguyễn,173149436993,03/08/1943,0741188193,smai@example.net,"61 Jane Ngõ
JohnXã, 313068",Khỏe mạnh,10.63,Bà Kim Hoàng,04/05/2026
ae59aa52-a65b-422b-95a3-86d9c362a810,Hạnh Bùi,443279670134,02/11/1967,0713361474,phamjohn@example.com,"21 John Đường
Thị xã JaneXã, 642347",Huyết áp cao,5.53,Phúc Đặng,25/01/2026
44cdbfdd-df9b-441e-87f7-bda1bff15840,An Đặng,316379700829,15/10/1993,0357405720,john49@example.net,"5 Jane Hẻm
JohnHuyện, 910894",Huyết áp cao,10.02,Khoa Trần,14/02/2026
0b461173-00a8-4473-8242-5912bda3c162,Mai Nguyễn,108181584566,26/07/1999,0823565708,jane22@example.org,"536 Vũ Ngõ
JohnXã, 806033",Tim mạch,8.74,Lan Phạm,11/04/2026
66a302d6-f43e-4c48-8bc1-f9e5fb3df063,Nhật Vũ,252542243451,23/08/1977,0533315625,john87@example.org,"4 Jane Tổ
JohnPhường, 673108",Tim mạch,5.48,Chị Ngọc Bùi,05/01/2026
a2cd1590-58af-493c-8aa2-b4c93ba5bd76,Linh Nguyễn,629277130335,27/07/1986,0379565194,john38@example.org,"410 Jane Tổ
JohnXã, 200219",Khỏe mạnh,5.1,Quý cô Hà Hoàng,21/04/2026
f6d70248-a995-4cc3-af5b-09a60ff1c51f,Chị Hạnh Vũ,196712579149,26/03/1978,0339507166,udang@example.com,"291 John Hẻm
JaneHuyện, 526259",Tim mạch,10.47,Phương Đặng,10/02/2026
43d78f2b-769d-41e3-8eed-412473b0d676,Hà Lê,138164535276,05/10/1976,0858549098,phamjane@example.org,"68 Jane Khu
Thành phố JaneThị xã, 682959",Huyết áp cao,7.82,Cô Chi Trần,28/01/2026
d49347fc-0fc9-4d2e-830f-9be91f178f93,Chị Mai Bùi,984143231055,08/01/1986,0300192810,hoangjane@example.org,"721 Trần Đường
JohnQuận, 701761",Tim mạch,11.05,Nhật Hữu Dương,06/01/2026
2c3d17e2-6d39-4a75-aee7-0ab261fa8e7a,Trung Xuân Vũ,578736632587,12/06/1973,0850999473,cle@example.net,"4 Bùi Dãy
Thành phố JaneThị xã, 243902",Khỏe mạnh,10.34,Lâm Hải Mai,04/01/2026
b69f75c5-c82b-41be-a1eb-64e6fd498e20,Châu Mai Bảo Đặng,113346373457,26/09/2003,0833483177,jane42@example.org,"407 Hoàng Làng
Thành phố JohnPhường, 352867",Khỏe mạnh,5.9,Tùng Nguyễn,12/02/2026
cc21cbdb-fb8f-48c4-98b4-8ead93608edf,Thành Xuân Lê,647274786148,22/07/1967,0387842695,jane90@example.net,"3 Mai Khu
Thị xã JohnThành phố, 158896",Huyết áp cao,7.12,Chị Ngọc Mai,03/04/2026
9d37efb6-eafb-4e90-94ec-84ce002ccb25,Chị Linh Lê,587624034400,26/05/1979,0921052393,nguyenjohn@example.net,"851 Bùi Ngõ
JaneHuyện, 243079",Tim mạch,8.94,Quý cô Hải Dương,07/05/2026
f7ff88d4-b509-408a-ac98-8bca51397c06,Quang Xuân Bùi,764258460507,12/02/1977,0854048580,john20@example.net,"0 Jane Làng
Thị xã JohnHuyện, 881549",Huyết áp cao,9.25,Lâm Đặng,04/03/2026
f68c62e6-e2a4-4909-a2dd-22d52afaab7b,Nhật Đặng,331576964848,23/02/1996,0967255639,vujohn@example.org,"10 Jane Dãy
JohnThị xã, 617033",Huyết áp cao,4.72,Thành Hữu Trần,04/04/2026
a6a5f0ff-93fb-41d0-9d32-6d9cc9ea356a,Chị Chi Trần,131943642217,27/11/1939,0363707264,john54@example.org,"21 Jane Dãy
Thị xã JohnXã, 555292",Huyết áp cao,6.47,Cô Hà Đặng,09/02/2026
b27b7bb4-68c6-40b2-b0a2-cee8f9722cc1,Khoa Vũ,917689655171,09/09/1967,0348460062,nguyenjane@example.net,"050 Trần Khu
JohnThành phố, 126985",Tiểu đường,11.12,Chị Dương Vũ,16/01/2026
4ef03f80-1d91-4e39-9801-4004793bed1b,Nhật Mai Bảo Vũ,387893354870,06/10/1947,0883135117,xle@example.com,"477 Phạm Khu
Quận JohnThành phố, 800596",Tiểu đường,5.68,Tùng Bảo Hoàng,14/02/2026
6319629b-d73e-4bb9-8f9c-a17b8db8dadf,Phương Mai Bảo Hoàng,020994882413,06/06/1967,0531467666,fvu@example.com,"9 John Dãy
Quận JohnQuận, 232315",Khỏe mạnh,8.69,Hồng Trần,26/03/2026
a091e5b4-d293-4e6e-bf4d-093033b0fb53,Bà Thành Trần,055229250016,16/03/1947,0324724787,zmai@example.net,"7 Jane Ngõ
JohnQuận, 694116",Huyết áp cao,6.81,Hà Hoàng,20/01/2026
891f4683-de12-4bf1-893d-6196c926a021,Huy Đức Bùi,940650676717,12/06/2001,0926768097,lnguyen@example.com,"653 Jane Khu
JohnHuyện, 957091",Huyết áp cao,7.8,Khoa Vũ,06/04/2026
1924c644-af52-4666-b239-09f4dbb54645,Chị Thảo Dương,900927307303,11/01/1979,0560583410,jane91@example.org,"7 Nguyễn Hẻm
Huyện JaneQuận, 918430",Tim mạch,7.46,Lan Phạm,08/02/2026
08775804-3fde-4814-8ec0-ad4bd6441a9d,Ông Quang Phạm,553851771755,24/08/1972,0584621775,jane86@example.net,"579 Lê Dãy
JaneQuận, 978343",Huyết áp cao,8.14,Vũ Vũ,06/01/2026
da9408c0-29b4-4cb1-8cb5-ee5c62f5f7c2,Chị Dương Phạm,100819190427,30/06/1963,0362301566,jane80@example.net,"2 John Khu
JaneThị xã, 494763",Tiểu đường,9.51,Bảo Đức Phạm,01/04/2026
d30608be-8548-467b-ad5c-ba244d59616b,Khoa Đức Nguyễn,383704664139,22/12/2004,0857014687,jane41@example.com,"5 Vũ Khu
Quận JohnThành phố, 944554",Huyết áp cao,6.59,Hải Tấn Lê,05/01/2026
4bacbedf-ff5a-429e-bf53-d344a7c854e4,Huy Bùi,493314766834,15/03/1988,0595551787,hoangjohn@example.com,"8 Đặng Khu
Quận JaneThành phố, 593649",Tiểu đường,4.15,Bà Nhật Mai,05/02/2026
55ec024a-e64b-4b37-ae01-a122f269921c,Lâm Đặng,616069722180,02/10/1965,0700549519,jane55@example.com,"709 Jane Làng
Thị xã JaneThị xã, 156688",Tiểu đường,5.75,Chị Lâm Đặng,21/03/2026
e8184f34-e491-4f7d-91c4-6efcfcb896bb,Anh Dũng Lê,645775643251,11/05/1946,0919286424,odang@example.org,"743 John Dãy
Quận JanePhường, 550268",Tim mạch,10.09,Kim Mai Bảo Bùi,01/01/2026
bb0c7919-330c-4ff5-88a5-fa0d09a85dc5,Nam Tấn Mai,889028549106,18/04/1961,0824324992,nguyenjohn@example.org,"21 Mai Khu
Thành phố JohnHuyện, 404955",Tiểu đường,10.38,Bác Huy Lê,08/03/2026
5bf7dda1-7d7c-49a5-a6c1-1650ff02f5b0,Chị Xuân Bùi,557765590426,17/12/1937,0881392298,johnle@example.org,"506 Mai Đường
Thành phố JohnThành phố, 823255",Huyết áp cao,4.7,Kim Dương,15/03/2026
797209c0-40b3-44f8-8c1a-b2c71fa3ed1f,Chị Nhật Nguyễn,561220828525,04/05/1976,0362224301,qtran@example.net,"18 Jane Ngõ
Thị xã JohnXã, 309452",Khỏe mạnh,7.57,Minh Phạm,11/03/2026
290e3e89-4b9c-42f4-a8e5-c8cdb4146e4a,Vân Dương,902338922964,17/08/1963,0390495173,pdang@example.org,"972 John Ngõ
JohnThị xã, 410401",Huyết áp cao,4.56,Bảo Nguyễn,20/01/2026
0a190939-dfc7-4b26-acb9-41fcd02c75f9,Quang Đặng,752150626604,03/05/1993,0336334822,tranjohn@example.org,"57 Trần Tổ
JohnThành phố, 520245",Tiểu đường,7.06,Nhật Đức Bùi,03/04/2026
e2d903c8-a61a-4d8e-abf7-240fccc62fed,Cô Bảo Nguyễn,937281209255,19/01/1957,0903799244,buijane@example.net,"6 Hoàng Đường
Thị xã JaneThành phố, 531262",Khỏe mạnh,10.19,Ông Vũ Vũ,08/05/2026
de4b061e-b45e-4463-832a-09e05071e5f0,Bà Vân Mai,342386964258,27/04/1948,0786618905,epham@example.com,"890 John Dãy
JohnThành phố, 887931",Huyết áp cao,4.32,Bác Quang Đặng,24/02/2026
8ced4707-3903-4b65-81c6-1eeb0ce3c8c8,Kim Hải Trần,000752094810,03/11/1997,0883494722,choang@example.org,"17 John Số
JohnXã, 675771",Tiểu đường,11.77,Ánh Trần,28/04/2026
4dfa21be-a335-42c8-9e7b-1e95f692641a,Quý cô Linh Đặng,178573412803,30/09/1942,0589255579,janedang@example.net,"5 Trần Ngõ
Thành phố JaneHuyện, 970196",Huyết áp cao,9.86,Tùng Mai,14/03/2026
e599bd3c-0bb8-4d38-9b37-ef19b3bc912f,Quý cô Bảo Bùi,392377160887,01/12/1949,0732516604,john31@example.com,"5 Jane Đường
Thị xã JanePhường, 717942",Tiểu đường,9.65,Quý cô An Mai,10/01/2026
d6bca712-6ecc-4931-af70-5d018da03d88,Anh Nhiên Lê,652827559657,30/10/1952,0922163559,buijane@example.net,"3 Bùi Tổ
JaneQuận, 244892",Khỏe mạnh,6.82,Khoa Thế Mai,02/03/2026
8db78572-ef7d-4821-bca0-258eb63d65d5,Chị Mai Hoàng,050323222739,27/11/1974,0973796606,john28@example.net,"1 Mai Dãy
JaneThị xã, 947568",Tim mạch,8.04,Vân Trần,05/01/2026
ab95c72f-0d95-4af5-a534-21bc6180b78a,Mai Vũ,062577477026,06/04/1957,0891345500,jane20@example.net,"0 Dương Ngõ
Thị xã JohnXã, 922405",Khỏe mạnh,9.14,Hưng Bùi,17/03/2026
f9cf8499-c9c1-4d45-b4ea-6b976aa415b5,Tùng Thị Nguyễn,090546157438,26/07/1969,0706273613,janepham@example.net,"8 John Khu
JohnPhường, 178086",Huyết áp cao,4.7,Chị Nhật Mai,24/01/2026
4773e66a-6db2-4020-8a67-01436090103c,Hoàng Lê,013625638961,24/01/1970,0749128701,dangjane@example.net,"590 Dương Tổ
Huyện JohnQuận, 645895",Tim mạch,4.41,Phương Lê,22/03/2026
1789be63-6746-4743-897b-303d8b074d1a,Quang Hoàng Đặng,622586536033,01/06/1980,0800298720,jane39@example.net,"573 John Tổ
JohnThị xã, 369054",Tiểu đường,5.42,Nam Mai,14/03/2026
7210045a-823c-4ef9-8d85-65ce83a9c235,Ông Khoa Phạm,603183472953,14/12/1978,0561889742,tranjohn@example.net,"361 Jane Ngõ
Thành phố JanePhường, 447828",Tim mạch,9.65,Hương Trần,11/01/2026
8ede9b46-407d-4aff-8b51-a9112d90e4ee,Khoa Phạm,207818776723,24/07/1970,0883246497,cbui@example.net,"618 John Đường
Huyện JohnHuyện, 925115",Khỏe mạnh,11.99,Trọng Trần,24/02/2026
61a451ff-700b-4b43-ad3b-9d13c3e90323,Hải Văn Dương,803990952320,19/08/1956,0868548849,johnbui@example.net,"50 John Đường
Thị xã JohnHuyện, 320256",Tiểu đường,5.15,Trung Bảo Mai,28/01/2026
9dec2b83-3885-4f7e-af1a-25a829344e15,Trung Trần,028007442138,16/01/1960,0848473023,maijane@example.net,"1 Trần Làng
JaneHuyện, 234443",Tim mạch,4.93,Cô Thảo Hoàng,14/01/2026
7c6166df-515a-4b43-b189-1f48e66e2c11,Bác Trọng Vũ,193150733808,06/02/1956,0505967765,jane62@example.org,"6 Đặng Hẻm
JaneThị xã, 566991",Huyết áp cao,11.82,Khoa Mai Bảo Mai,22/01/2026
14fc3a5d-9b4b-4377-a542-deb92cff45f8,Hoàng Mai,169523255179,03/02/1962,0935886757,john10@example.net,"3 Jane Dãy
Huyện JaneQuận, 909652",Huyết áp cao,7.91,Hoàng Dương,08/04/2026
5d264b1b-6593-4659-972e-8c6882aa5c46,Dương Phạm,300206074890,06/12/1957,0590127143,janele@example.org,"7 Nguyễn Làng
JohnThành phố, 377198",Tiểu đường,11.06,Quang Thị Phạm,11/04/2026
635a11f2-5c7a-483d-8a9d-2704e860bcb1,Quý ông Hưng Nguyễn,806960993063,19/06/1979,0381383239,maijane@example.net,"65 Jane Số
Thị xã JaneHuyện, 610511",Tiểu đường,3.75,Ông Minh Lê,27/03/2026
83b8fa05-13bc-4dc6-bae0-acdb2a6524af,Trung Lê,862125826929,18/10/1960,0503364778,janehoang@example.net,"51 Dương Dãy
Quận JaneThành phố, 355506",Khỏe mạnh,5.62,Lan Hoàng,26/04/2026
833c8f55-a129-4fa2-a27d-4660293fc266,Xuân Hoàng,553597085012,07/05/1955,0733827545,lejane@example.org,"9 Jane Ngõ
Thị xã JaneThị xã, 278852",Tiểu đường,4.03,Quý cô Duyên Lê,24/04/2026
9f8acdeb-2e8f-45a8-847a-3b7ed209383b,Phúc Đặng,624247299320,28/01/1997,0911423058,phamjane@example.com,"886 John Hẻm
JohnXã, 627778",Tiểu đường,10.79,Hà Dương,09/05/2026
8a0ea57a-9a7d-409d-a6e8-790b215d3b1f,Xuân Bùi,760251065014,29/05/2006,0508948525,cdang@example.net,"65 Jane Hẻm
JaneQuận, 187889",Khỏe mạnh,10.31,Trọng Mai,21/03/2026
b58ac738-0166-4221-b063-ae7f41ff81d1,Duyên Mai,633585391394,25/05/1951,0508375528,buijohn@example.net,"12 Hoàng Khu
JaneXã, 483405",Tiểu đường,9.36,Thành Phạm,22/03/2026
7b8301cf-8ebc-4d7e-88a6-5b858d56bff6,Bà Phương Mai,666842736469,13/03/2001,0338100700,jane95@example.net,"1 Jane Hẻm
Quận JaneHuyện, 939756",Tiểu đường,7.09,Lan Bùi,04/05/2026
d2c0dec2-1751-44d7-8deb-2696015aba1d,Quý cô Khoa Bùi,477861590878,10/05/1947,0811754368,vujohn@example.com,"6 Hoàng Khu
Quận JaneThị xã, 111230",Huyết áp cao,11.17,Bà Mai Nguyễn,27/04/2026
3b4ec9f5-b2cd-4a0a-840c-5cb082b34384,Cô Thành Phạm,378994352556,26/05/1935,0925770852,johnvu@example.com,"93 John Ngõ
JaneHuyện, 955129",Tim mạch,8.0,Quang Hoàng,07/02/2026
932d1648-6769-40f1-ae01-b9e0746b161a,Thảo Lê,111425358616,08/10/1990,0326440459,maijohn@example.net,"4 Dương Số
JohnHuyện, 913274",Huyết áp cao,11.07,Quý ông Nhiên Nguyễn,04/04/2026
61f6dfbe-114b-4c79-8200-79f51dc3c26e,Chị Vi Đặng,706044118987,28/06/1991,0303532910,john43@example.com,"827 Đặng Làng
JohnPhường, 816289",Tim mạch,5.88,Quý cô Yến Phạm,15/02/2026
43f19b58-df6c-4d60-bdf7-6a69bc45144a,Chị Mai Phạm,262884610441,25/10/1983,0522170560,johntran@example.org,"0 Jane Tổ
JaneXã, 388078",Huyết áp cao,4.45,Anh Minh Vũ,19/03/2026
20d4ba18-93a0-4478-800b-19de38db128d,Vân Bùi,420565967090,16/06/2000,0367560193,maijane@example.com,"18 Đặng Đường
Quận JaneXã, 205641",Tiểu đường,4.64,Quang Đức Lê,17/04/2026
78aa16ea-44f7-401a-bcb5-26d7434a130e,Quang Xuân Dương,186936390560,21/01/1993,0530011758,janedang@example.com,"29 John Ngõ
JohnXã, 553214",Tim mạch,6.04,Lâm Trí Lê,02/04/2026
6be8c756-2d36-426c-827e-789cce40483b,Anh Minh Mai,236701986893,30/04/1978,0724928139,qvu@example.net,"12 John Khu
JohnThị xã, 880762",Huyết áp cao,11.48,Anh Phú Đặng,19/04/2026
41f9994a-cf5d-437f-ae8d-5daa8eb7c306,Nam Bảo Trần,235297379846,21/02/1983,0388717053,johnvu@example.com,"7 Jane Khu
JohnQuận, 771697",Tiểu đường,3.96,Huy Hữu Trần,16/01/2026
50405c43-3a6c-4da6-97f7-d71f2978cc73,Khoa Đức Hoàng,756628147417,07/03/1989,0909566173,jane59@example.net,"JohnQuận
341 John Số, 208013",Tim mạch,9.55,Hà Dương,17/04/2026
65a29cc8-c55b-495d-86bf-d9c40dc78104,Hà Vũ,606108550342,28/06/1956,0549357316,buijane@example.org,"22 John Đường
JaneThị xã, 589887",Tiểu đường,6.23,Tùng Dương,27/01/2026
8a0ec018-b297-49b2-b2cf-fcaef833ebfb,Quý cô Hải Hoàng,972567144379,23/07/1994,0961666778,jane78@example.org,"56 Lê Khu
Thành phố JohnHuyện, 400692",Huyết áp cao,5.52,Ông Châu Dương,28/02/2026
cc476b72-6e31-4234-8410-010802568389,Trọng Phạm,458295148490,04/05/1936,0335907718,john68@example.com,"6 Phạm Khu
Thị xã JohnXã, 901676",Khỏe mạnh,5.25,Khoa Mai,22/02/2026
1186da93-da7d-4c53-b020-cf0669b41194,Chị Hạnh Trần,736751438334,01/05/1997,0387813811,svu@example.net,"208 John Ngõ
JaneQuận, 849937",Khỏe mạnh,8.84,Ông Quang Trần,30/01/2026
578799d9-3799-4376-be5b-3ac903c501fe,Hạnh Mai Bảo Đặng,476562840292,19/06/1998,0557031013,dangjohn@example.org,"872 Jane Số
Thành phố JohnThị xã, 908688",Tiểu đường,10.64,Anh Hưng Phạm,31/03/2026
85695f97-180d-4855-855f-fde8bc3e1d19,Quý cô Hồng Vũ,747051141807,30/04/1979,0795964831,johnmai@example.net,"4 Jane Đường
Thành phố JohnPhường, 555251",Tim mạch,5.02,Nam Xuân Vũ,24/04/2026
3e3b1a40-ca05-43a2-a553-b15f1ea15b0f,Ngọc Hoàng,066999190292,16/01/2000,0588512202,janetran@example.org,"9 Nguyễn Đường
JohnPhường, 662407",Huyết áp cao,6.57,Bảo Dương,15/02/2026
c9df301e-8ef0-4de1-bb4f-19725115d7ee,Bảo Hoàng Nguyễn,868897695791,09/10/1986,0730338576,john40@example.com,"7 John Tổ
JaneHuyện, 971733",Tim mạch,6.47,Cô Phương Lê,29/03/2026
8aa6b006-436a-4b9d-91c5-6a004bb13407,Bảo Văn Mai,038867103884,12/12/1986,0968539772,johnhoang@example.com,"18 Phạm Dãy
Huyện JaneThị xã, 772036",Khỏe mạnh,11.55,Tú Đức Mai,08/05/2026
f013a170-d5cf-4b4c-8b34-fc841111ee29,Chị An Phạm,930916693951,05/12/1949,0953073802,gpham@example.org,"7 Nguyễn Tổ
Thành phố JohnQuận, 787603",Tim mạch,4.64,Ông Bảo Nguyễn,12/03/2026
e3f342a8-f030-4fd4-be54-898e8eda6433,Thành Thị Hoàng,470850615800,15/07/1971,0565015356,tranjane@example.org,"386 John Làng
Thị xã JohnPhường, 704570",Tim mạch,5.3,Bảo Bảo Trần,02/02/2026
66cc7376-8cca-4963-ae2e-77a4cadec379,Phúc Mai Đặng,282054363388,02/04/1978,0399048712,jane66@example.net,"8 Jane Khu
JaneThị xã, 516379",Tiểu đường,5.45,Yến Nguyễn,25/02/2026
2294fa0a-8482-4c08-842c-65ad9883e9b1,Nam Vũ,123389220068,23/07/1965,0917410975,janenguyen@example.net,"075 John Khu
JohnQuận, 368691",Khỏe mạnh,10.76,Vũ Hoàng,19/03/2026
bbf8da91-37a9-4824-aafa-4d5b91ae3d4c,Nhật Đặng,603581999920,11/01/2001,0335161555,janehoang@example.org,"961 Jane Tổ
JaneThành phố, 907812",Huyết áp cao,9.69,Cô Dương Bùi,11/01/2026
51beba8e-0a8a-4b94-863d-fcd64e0648d0,Bà Phương Phạm,253432151496,17/03/1956,0869100359,buijane@example.net,"646 John Tổ
Thị xã JohnXã, 518582",Khỏe mạnh,5.84,Vũ Bùi,08/04/2026
2160446e-b2a7-4475-8619-67736f3acf33,Quý cô Phương Phạm,833062388273,03/10/2001,0954639942,mhoang@example.net,"146 Hoàng Ngõ
Thị xã JaneHuyện, 465227",Tiểu đường,11.76,Bà Linh Hoàng,08/05/2026
2b54500d-4e08-4bb4-8509-d55806326b36,Trọng Mai Hoàng,033292574599,16/03/1955,0932365713,onguyen@example.org,"1 John Làng
Huyện JohnHuyện, 827497",Tiểu đường,3.9,Hạnh Dương,02/04/2026
bd717da3-3581-4632-94f5-df7005d2d205,Chị Vân Mai,192028279844,24/07/1970,0957181792,uhoang@example.org,"98 Jane Hẻm
Huyện JohnPhường, 747983",Tim mạch,7.38,Hưng Dương,08/05/2026
637e3f94-110c-4d92-8222-305df1f71605,Quang Trần,033650089767,15/12/1937,0512066324,jane36@example.net,"Huyện JaneXã
387 John Làng, 655132",Huyết áp cao,4.3,Dũng Dương,18/03/2026
58c69158-04b4-4ac9-a831-7f0dbe9063fb,Quang Thế Phạm,740783811024,31/07/2003,0501802172,john46@example.org,"256 John Số
Thị xã JohnXã, 260169",Tim mạch,5.12,Hạnh Tấn Dương,16/04/2026
2379c05f-a708-4280-b4ee-0b6721bbd183,Chị Thảo Mai,745916029928,07/10/1953,0941302554,ple@example.net,"881 Jane Hẻm
Huyện JaneThị xã, 418083",Tim mạch,9.51,Bác Hoàng Phạm,21/01/2026
c32fc21b-06b4-4d27-af4b-8be821acfdb5,Trọng Hoàng,217499347292,14/10/1966,0580789547,johnnguyen@example.com,"897 Lê Số
JaneQuận, 271742",Tim mạch,3.62,Chị Ngọc Bùi,03/01/2026
69bd40d8-f340-4dd3-8515-75b9ece9504b,Chị Vi Phạm,539309299782,11/05/1944,0871228180,janehoang@example.com,"660 Đặng Số
Thành phố JaneThị xã, 967182",Khỏe mạnh,4.45,Xuân Phạm,11/04/2026
